epoch,learning_rate,train_loss,train_dice,train_iou,val_loss,val_dice,val_iou
1,0.001,1.631504899263382,0.19566899463534354,0.11011972092092037,1.5992446740468342,0.18721372683842977,0.10390078028043111
2,0.001,1.4972043871879577,0.2641251370310783,0.15489203929901124,1.4599431037902832,0.15516464312871298,0.08639159500598907
3,0.001,1.4306574821472169,0.3713660642504692,0.2339222699403763,1.3715343634287516,0.4973028024037679,0.3365627845128377
4,0.001,1.3841454684734344,0.4721158280968666,0.3180086188018322,1.3380370140075684,0.5044783433278401,0.34350626468658446
5,0.001,1.3400386333465577,0.522764441370964,0.3643492579460144,1.299074117342631,0.5726457595825195,0.4091966946919759
6,0.001,1.2978311359882355,0.5509224385023117,0.39198227822780607,1.269908618927002,0.5741110642751058,0.41044143040974934
7,0.001,1.2552606284618377,0.565966759622097,0.4072019726037979,1.235659082730611,0.5432734171549479,0.380717388788859
8,0.001,1.213618415594101,0.5661241933703423,0.4071948558092117,1.1862591902414958,0.6063292821248373,0.44500198364257815
9,0.001,1.1711844742298125,0.5753947526216507,0.41623110622167586,1.1283395687739055,0.5817834377288819,0.41924705505371096
10,0.001,1.1323640525341034,0.5694359600543976,0.41021102517843244,1.094881264368693,0.5943703095118205,0.4316255489985148
11,0.001,1.0901348054409028,0.5796197086572648,0.4195276767015457,1.0363531748453776,0.6252492189407348,0.4665255546569824
12,0.001,1.0516856789588929,0.5853391528129578,0.4248024433851242,1.016925605138143,0.6293353716532389,0.4704489469528198
13,0.001,1.0136704474687577,0.5911667555570602,0.4309839829802513,0.9873840729395549,0.5997002919514974,0.43766902287801107
14,0.001,0.9802422761917114,0.5909033864736557,0.43075491189956666,0.9529381593068441,0.6324982245763143,0.4735480070114136
15,0.001,0.9445837408304214,0.5975418835878372,0.4373469665646553,0.9261859496434529,0.6158769687016805,0.4552566687266032
16,0.001,0.9129461079835892,0.5982754528522491,0.4381355866789818,0.8839454690615336,0.6323046843210857,0.4730389674504598
17,0.001,0.8806373298168182,0.605772641301155,0.44578336328268053,0.8556373159090678,0.6227276961008708,0.46197520891825355
18,0.001,0.851102140545845,0.6091333329677582,0.44918411821126936,0.8240875164667766,0.6375200112660726,0.47788956165313723
19,0.001,0.8275060206651688,0.6073333829641342,0.44837467968463895,0.802112364768982,0.6292174816131592,0.4696019728978475
20,0.001,0.8015049964189529,0.6133596897125244,0.4544888913631439,0.8299583554267883,0.597444764773051,0.43571778933207195
21,0.001,0.7792581617832184,0.6104357302188873,0.4520448103547096,0.7646914998690287,0.630080517133077,0.47122013568878174
22,0.001,0.756952965259552,0.6172911047935485,0.45979379415512084,0.7514165719350179,0.6228018840154012,0.4612974802652995
23,0.001,0.7419511288404464,0.6115098536014557,0.4538085460662842,0.7537861029307048,0.5879165808359782,0.4317191044489543
24,0.001,0.7191867262125016,0.6267773807048798,0.4702770307660103,0.7178333918253581,0.6256213188171387,0.4692611853281657
25,0.0005,0.7005972445011139,0.6321904212236404,0.4771255195140839,0.6848603407541911,0.6437313477198283,0.4915032943089803
26,0.0005,0.68535917699337,0.6408378541469574,0.48507691025733946,0.6871565500895183,0.6383687575658162,0.4870615800221761
27,0.0005,0.6754681318998337,0.642911559343338,0.4875462085008621,0.6704732537269592,0.6508002122243245,0.4994976043701172
28,0.0005,0.6603379547595978,0.6508710712194443,0.49584517925977706,0.6702656666437785,0.6434771537780761,0.49073158105214437
29,0.0005,0.6615896493196487,0.6441757380962372,0.4895514354109764,0.6768994887669881,0.6345775445302327,0.47776710987091064
30,0.0005,0.6491079866886139,0.6488396525382996,0.4946493700146675,0.662297519048055,0.6378093719482422,0.4863230069478353
31,0.0005,0.6375848710536957,0.6549034476280212,0.5000146836042404,0.6637922366460164,0.6295733451843262,0.4742824713389079
32,0.0005,0.6311773061752319,0.6554958313703537,0.5018714293837547,0.6420586268107097,0.6465507825215657,0.4928508917490641
33,0.0005,0.6241775065660476,0.656964385509491,0.5030231088399887,0.6355881929397583,0.6440950711568196,0.4896769285202026
34,0.00025,0.6134767293930053,0.6628779649734498,0.5093432560563087,0.6325546423594157,0.6525254408518474,0.5001479148864746
35,0.00025,0.6033057749271393,0.6690708547830582,0.515420438349247,0.6264985720316569,0.6545752048492431,0.5033963123957316
36,0.00025,0.5992833763360977,0.6701325178146362,0.5165362179279327,0.6315883119901021,0.6478849728902181,0.49665263493855794
37,0.00025,0.5942233622074127,0.6730334848165512,0.5196168914437294,0.6328118721644084,0.6475115617116293,0.4955515702565511
38,0.00025,0.5927867233753205,0.6723305642604828,0.5195320188999176,0.6498138387997945,0.6285225947697958,0.4713148593902588
39,0.00025,0.5894191086292266,0.6729557543992997,0.5204448714852333,0.6255242069562276,0.6470089276631673,0.49518770376841226
40,0.00025,0.5846947252750396,0.6745558887720108,0.5213044807314873,0.6251364151636759,0.6481457869211833,0.49316407839457194
41,0.00025,0.5802214205265045,0.6766807585954666,0.5241993233561516,0.6226008971532185,0.6458870887756347,0.49340771039326986
42,0.000125,0.5714044362306595,0.6824353784322739,0.53117416203022,0.6230571508407593,0.6443102836608887,0.49285149574279785
43,0.000125,0.5635014086961746,0.6884532004594803,0.5382802903652191,0.6320983648300171,0.6345177491505941,0.4818962335586548
44,0.000125,0.5625205874443054,0.6889292299747467,0.5378201305866241,0.621358855565389,0.6453925291697185,0.4928681532541911
45,0.000125,0.5638118878006935,0.6856378078460693,0.5347138479351997,0.6325974901517232,0.6320614337921142,0.4787017822265625
46,0.000125,0.5631747514009475,0.6857883304357528,0.5338668048381805,0.61619447072347,0.64758726755778,0.49566377798716227
47,0.000125,0.5593257218599319,0.6881581366062164,0.5373656719923019,0.617266579469045,0.6440056721369426,0.4908212343851725
48,6.25e-05,0.5507086455821991,0.6951454669237137,0.5448294684290886,0.6169638236363729,0.6449768304824829,0.4927239974339803
49,6.25e-05,0.5501389294862747,0.6942975342273712,0.5440358802676201,0.6226704557736714,0.6402507464090983,0.48840476671854655
50,6.25e-05,0.5468926817178726,0.6971666783094406,0.5475058764219284,0.6189883708953857,0.642582631111145,0.4897680918375651
