subject,side,image_index,mask_index,pairing_distance_pixels,dice,iou,precision,recall,specificity,predicted_to_true_area_ratio,pupil_fill_fraction,mean_probability
2,left,1,4,30.00636863708496,0.39281194634269806,0.24440944881889765,0.34596522514489525,0.45433255269320844,0.9161330894123028,1.313231850117096,0.4,0.13009241223335266
2,left,2,3,38.9205436706543,0.2493833927103316,0.1424546023794615,0.20123839009287925,0.32780979827089335,0.898607680215585,1.6289625360230549,,0.13160613179206848
2,left,3,5,11.570449829101562,0.7260416666666667,0.5699100572363042,0.5777041027766266,0.9768745620182201,0.9426658414448883,1.6909600560616678,,0.13792897760868073
2,left,4,1,38.46110534667969,0.3007603491974092,0.1769970169042095,0.22598391874735504,0.4494949494949495,0.8984565844992227,1.989057239057239,,0.1346607655286789
2,left,5,2,27.20090103149414,0.48441771459814104,0.31962481962481964,0.35870445344129553,0.7457912457912458,0.9120586275816123,2.079124579124579,,0.14036442339420319
2,right,1,4,29.592607498168945,0.41944847605224966,0.26538108356290174,0.4072334429309535,0.43241895261845387,0.9266065716778134,1.061845386533666,0.715,0.13152500987052917
2,right,2,5,27.316680908203125,0.48357870894677235,0.3188946975354742,0.40647310804378867,0.596785464709993,0.929821599414711,1.4682040531097136,,0.1250941902399063
2,right,3,3,55.99458312988281,0.37347130761994357,0.2296124927703875,0.3513274336283186,0.3985943775100402,0.9148070664807066,1.1345381526104417,,0.1332019716501236
2,right,4,2,17.24540138244629,0.6554156171284635,0.4874484825777445,0.5229099678456591,0.8778677462887989,0.9330059826165481,1.678812415654521,,0.14400126039981842
2,right,5,1,6.094943046569824,0.68762278978389,0.5239520958083832,0.540749324063345,0.9440323668240054,0.932889315346842,1.7457855697909643,,0.14860577881336212
9,left,1,2,9.333213806152344,0.5559977259806709,0.3850393700787402,0.4659361600762268,0.6892177589852009,0.9369551768741915,1.4792107117688513,0.6613861386138614,0.12519608438014984
9,left,2,1,28.55405044555664,0.5137566137566137,0.3456746173015308,0.44725932749884845,0.603480422622747,0.9317832982775283,1.3492852703542573,0.8008565310492506,0.12736931443214417
9,left,3,5,28.344324111938477,0.6245654692931634,0.45408593091828137,0.5767790262172284,0.6809854706253948,0.9551001873190668,1.180669614655717,0.6666666666666666,0.11099543422460556
9,left,4,4,15.672493934631348,0.7278727872787278,0.5721698113207547,0.6588810429114612,0.8130026809651475,0.9645358030268805,1.2339142091152815,0.5270833333333333,0.11039023101329803
9,left,5,3,28.13429069519043,0.6510603139630956,0.48264597795018377,0.5375170532060027,0.8254189944134078,0.9427622692480865,1.535614525139665,0.6756756756756757,0.1265632063150406
9,right,1,3,47.9409294128418,0.39041994750656167,0.24256013045250713,0.33055555555555555,0.47676282051282054,0.932876559714795,1.4423076923076923,0.7741935483870968,0.1125926747918129
9,right,2,1,30.866641998291016,0.3366238894373149,0.20237388724035607,0.27214684756584195,0.4411384217335058,0.8966806389486802,1.6209573091849936,0.8772563176895307,0.1403605192899704
9,right,3,4,29.262327194213867,0.4343807763401109,0.27744982290436837,0.35714285714285715,0.5542452830188679,0.9292168674698795,1.5518867924528301,0.7350096711798839,0.11974082887172699
9,right,4,2,9.203302383422852,0.7298633323640593,0.5746336996336996,0.6432598667350077,0.8434139784946236,0.9607046070460704,1.3111559139784945,0.6849557522123894,0.11338695883750916
9,right,5,5,14.94243335723877,0.7269241303752396,0.5709982788296041,0.5916183682567989,0.9424715909090909,0.9485161870503597,1.5930397727272727,0.6158088235294118,0.1279241144657135
10,left,1,5,69.10599517822266,0.3188792528352235,0.18968253968253967,0.3375706214689266,0.30214917825537296,0.9467589964808718,0.8950695322376738,0.48464163822525597,0.09616536647081375
10,left,2,1,30.25931167602539,0.5014836795252225,0.3346534653465347,0.4287163876204972,0.6040028591851322,0.9367451266782765,1.4088634739099357,,0.11694863438606262
10,left,3,4,74.56420135498047,0.3179130434782609,0.18899917287014062,0.2899746192893401,0.35180908391070054,0.9374895257248198,1.2132409545804466,,0.10316983610391617
10,left,4,3,17.727664947509766,0.6006984866123399,0.4292845257903494,0.5007278020378457,0.7505454545454545,0.9422720897615708,1.498909090909091,0.6417704011065007,0.12090256065130234
10,left,5,2,48.26743698120117,0.27771493212669685,0.161247947454844,0.2411591355599214,0.3273333333333333,0.9127118644067796,1.3573333333333333,0.8067010309278351,0.1220487728714943
10,right,1,2,19.080883026123047,0.20930232558139536,0.11688311688311688,0.24916107382550334,0.18043742405832322,0.9490144696365501,0.724179829890644,0.16731016731016732,0.09077519178390503
10,right,2,1,88.35674285888672,0.240894901144641,0.13694173321502515,0.2020951549541685,0.29813264649066323,0.8964129880432935,1.4752092723760464,0.1577424023154848,0.13414864242076874
10,right,3,3,69.71226501464844,0.2472885032537961,0.14108910891089108,0.20840950639853748,0.304,0.9021468926553672,1.4586666666666666,0.358814352574103,0.1305604875087738
10,right,4,4,21.540142059326172,0.3728620296465222,0.2291520672740014,0.3773802654356607,0.3684507042253521,0.938077474892396,0.976338028169014,0.406480117820324,0.11289338767528534
10,right,5,5,29.093978881835938,0.36049382716049383,0.21987951807228914,0.3346917982679572,0.3906064209274673,0.925448110514899,1.1670630202140309,0.5597826086956522,0.12332318723201752
16,left,1,1,18.956626892089844,0.4546925566343042,0.2942408376963351,0.3385542168674699,0.6921182266009852,0.9402871437894279,2.044334975369458,,0.10440289229154587
16,left,2,4,29.08113670349121,0.2929045788185949,0.17158067158067158,0.22896174863387977,0.4064015518913676,0.9223402498761627,1.7749757516973812,,0.11198511719703674
16,left,3,2,24.196989059448242,0.5811559778305622,0.4095982142857143,0.4648511716276124,0.7750791974656811,0.9537062400701255,1.6673706441393876,,0.10405034571886063
16,left,4,3,28.32900047302246,0.4026428293820443,0.2520681265206813,0.34078947368421053,0.4919278252611586,0.9447842618614647,1.4434947768281101,,0.09992260485887527
16,left,5,5,5.323327541351318,0.6837037037037037,0.5194147439504784,0.5517035265989241,0.8987341772151899,0.9587299840422605,1.629016553067186,,0.1078326404094696
16,right,1,3,21.847023010253906,0.5096227867590454,0.3419421487603306,0.394752534287418,0.7187839305103149,0.9444717982384156,1.8208469055374592,,0.10491257160902023
16,right,2,5,38.15266418457031,0.3512861736334405,0.21306679668454412,0.2856209150326797,0.4561586638830898,0.9400833241969082,1.5970772442588725,,0.09961941838264465
16,right,3,1,38.36176300048828,0.3074380165289256,0.181640625,0.24266144814090018,0.41939120631341603,0.9366024135859772,1.7282976324689967,,0.0994347408413887
16,right,4,4,11.991392135620117,0.689922480620155,0.5266272189349113,0.5285035629453682,0.9933035714285714,0.9566215034965035,1.8794642857142858,,0.1062147244811058
16,right,5,2,44.000484466552734,0.22399420079739035,0.12612244897959185,0.17291550083939564,0.31790123456790126,0.9189159534781655,1.8384773662551441,,0.11137760430574417
17,left,1,5,23.0416316986084,0.6549277266754271,0.4869089488081282,0.56,0.7886075949367088,0.9444381384790012,1.4082278481012658,0.7978723404255319,0.12762650847434998
17,left,2,4,12.654844284057617,0.6532590259268234,0.4850665707088881,0.5374800637958532,0.8326127239036443,0.9340196803367271,1.5491043854231006,0.6853658536585366,0.1423589587211609
17,left,3,1,24.67548179626465,0.5147573786893447,0.34658134051869316,0.4104507379337854,0.6901408450704225,0.9165396126263482,1.6814218645204562,0.7948717948717948,0.14179247617721558
17,left,4,2,3.403524398803711,0.7647357723577236,0.6190867955573838,0.6328847771236333,0.9659820282413351,0.9505158145334996,1.5263157894736843,0.5480225988700564,0.13631759583950043
17,left,5,3,2.1316661834716797,0.7988092284792855,0.6650144568360181,0.688622754491018,0.9509746012994684,0.9584166333466614,1.3809805079740107,0.5343915343915344,0.13417287170886993
17,right,1,2,30.71617889404297,0.6856330014224751,0.5216450216450217,0.6237060041407867,0.7612128869235628,0.9587330419481183,1.2204674668351232,0.996996996996997,0.11921902745962143
17,right,2,3,1.8807886838912964,0.8017782426778243,0.66914011348756,0.6750330250990753,0.9871216999356085,0.9581798605995353,1.4623309723116549,0.5521126760563381,0.1316612809896469
17,right,3,5,8.533367156982422,0.7936859595679867,0.6579430670339761,0.6876199616122841,0.9384413883431565,0.963164148701409,1.3647675180091683,0.5706666666666667,0.12283062189817429
17,right,4,4,7.41369104385376,0.7627777777777778,0.6165244723843736,0.6645692158760891,0.8950456323337679,0.960772104607721,1.3468057366362451,0.49700598802395207,0.1217687726020813
17,right,5,1,19.05630874633789,0.6324701195219123,0.46249089584850694,0.6004728132387707,0.6680694371383482,0.9511532458523614,1.1125723303524462,0.7346938775510204,0.12374109774827957
19,left,1,3,11.603886604309082,0.6353092783505154,0.465533522190746,0.5615034168564921,0.7314540059347181,0.9568675778624244,1.3026706231454006,0.5266955266955267,0.11047739535570145
19,left,2,4,9.623541831970215,0.6043010752688172,0.43297380585516176,0.460404150737302,0.8790406673618353,0.9458363028342744,1.9092805005213764,,0.11648309975862503
19,left,3,2,24.235502243041992,0.49254621347644606,0.32674050632911394,0.4070970921636274,0.6233962264150943,0.9326993006993007,1.5313207547169811,,0.1236831545829773
19,left,4,1,37.212581634521484,0.31615776081424934,0.18775972799395543,0.28238636363636366,0.3591040462427746,0.9291086663673103,1.2716763005780347,0.6713881019830028,0.11024660617113113
19,left,5,5,1.7302261590957642,0.7545551982851019,0.6058519793459552,0.7082494969818913,0.8073394495412844,0.9756874580818243,1.139908256880734,,0.09883362054824829
19,right,1,1,34.77030563354492,0.3295589988081049,0.19728861933642525,0.2597463597933302,0.45069274653626734,0.9123129138151672,1.735126324368378,,0.1276162564754486
19,right,2,4,35.9227294921875,0.44358378517944747,0.2850033178500332,0.32464096749811033,0.700081499592502,0.9005730818449897,2.156479217603912,,0.14969085156917572
19,right,3,2,4.424777507781982,0.41706813489332417,0.2634782608695652,0.37361282367447596,0.4719626168224299,0.9432909131502567,1.263239875389408,,0.10597341507673264
19,right,4,3,17.748931884765625,0.6622296173044925,0.49502487562189057,0.5656623081296192,0.7985553772070626,0.9574468085106383,1.411717495987159,,0.11384414881467819
19,right,5,5,18.62093162536621,0.4787018255578093,0.31466666666666665,0.44360902255639095,0.5198237885462555,0.9590368115139773,1.171806167400881,,0.09464635699987411
42,left,1,4,9.208796501159668,0.5847137460040686,0.41314168377823407,0.49777337951509154,0.7084507042253522,0.9429133858267716,1.4232394366197183,,0.12028901278972626
42,left,2,2,21.960250854492188,0.5706561808798231,0.39924346629986246,0.4980694980694981,0.6680092059838896,0.9329973657083954,1.3411967779056386,,0.13714265823364258
42,left,3,5,20.90651512145996,0.4827039873250594,0.31813435433344933,0.44347404172731686,0.52954808806489,0.9343596200068673,1.194090382387022,0.5618448637316562,0.1232183575630188
42,left,4,3,15.715785026550293,0.5142857142857142,0.34615384615384615,0.43705799151343705,0.6246630727762803,0.9326032964551818,1.429245283018868,,0.12627215683460236
42,left,5,1,4.192093372344971,0.618064861967301,0.4472459270752521,0.582912032355915,0.6577296063890473,0.9527139336275577,1.1283513976041073,0.3779342723004695,0.1192367821931839
42,right,1,3,31.84691047668457,0.45983112183353436,0.29855889724310775,0.4235555555555556,0.5029023746701847,0.9250505634209766,1.187335092348285,,0.12879283726215363
42,right,2,5,19.319578170776367,0.8130125751776928,0.6849378166743436,0.7813977929584865,0.8472934472934472,0.9761536256807108,1.0843304843304844,,0.1170455664396286
42,right,3,4,22.426849365234375,0.6833467850417003,0.5190028606456886,0.7244723331431832,0.6466395112016293,0.971977256904154,0.8925661914460286,0.6109510086455331,0.10944321006536484
42,right,4,1,23.13797950744629,0.7061755746330657,0.545804794520548,0.6256133464180569,0.810553083280356,0.9567141317297327,1.2956134774316592,0.6613545816733067,0.1236954852938652
42,right,5,2,17.44400405883789,0.6902226524685382,0.5269770879526977,0.7122877122877123,0.6694835680751173,0.9662565905096661,0.939906103286385,0.6044303797468354,0.12092471867799759
