branch,feature,high_minus_low_pp,ci_low_pp,ci_high_pp,successful_bootstrap_replicates
inteira,sharpness,8.059591005829553,-8.704336282166464,25.88846387611648,5000
inteira,contrast,6.021780909673291,-11.721010546605648,24.494302462821846,5000
inteira,occupancy,-11.367653557224926,-28.20659213098729,5.973836042727662,5000
iris_referencia,sharpness,15.25400203571759,7.783252034936062,22.973667347510908,5000
iris_referencia,contrast,12.131646380525304,4.768734762869465,19.759640099790843,5000
iris_referencia,occupancy,8.815731330092797,2.8249215068717866,15.443771438538912,5000
iris_unet,sharpness,24.02146756731748,17.166734596595088,31.159940364745847,5000
iris_unet,contrast,16.639974375400385,7.501894317632606,25.885397410129933,5000
iris_unet,occupancy,-0.055236411842687905,-9.269193769557829,10.815719055132503,5000
