branch,feature,eyes,people,low_queries,high_queries,mean_eye_high_minus_low_pp,ci_low_pp,ci_high_pp
inteira,sharpness,23,12,95,134,4.808488612836439,-5.316968599033816,14.537078373015872
inteira,contrast,21,13,98,114,8.190579262007835,-1.5327454474872948,18.612076617387885
inteira,occupancy,14,9,54,60,-8.73015873015873,-27.30532212885154,9.40833333333332
iris_referencia,sharpness,23,12,95,134,14.063146997929607,4.637539996235648,23.51190476190476
iris_referencia,contrast,21,13,98,114,9.280560709132137,1.9678733766233771,17.95495016188292
iris_referencia,occupancy,14,9,54,60,14.370748299319729,5.952380952380953,22.747252747252748
iris_unet,sharpness,23,12,95,134,19.440993788819874,13.730023448773446,26.026340658134135
iris_unet,contrast,21,13,98,114,14.690270047412902,5.722459802102659,24.967096560846556
iris_unet,occupancy,14,9,54,60,13.520408163265305,6.813186813186813,19.334374999999984
