branch,feature,group,validation_cut1,validation_cut2,queries,people,rank1,tar
inteira,sharpness,baixo,13.285412077802462,32.078005082173924,101,15,0.39603960396039606,0.12871287128712872
inteira,sharpness,medio,13.285412077802462,32.078005082173924,165,16,0.49696969696969695,0.20606060606060606
inteira,sharpness,alto,13.285412077802462,32.078005082173924,214,16,0.4766355140186916,0.35514018691588783
inteira,contrast,baixo,13.057390444929267,17.714273546967483,112,14,0.42857142857142855,0.15178571428571427
inteira,contrast,medio,13.057390444929267,17.714273546967483,145,16,0.46206896551724136,0.3103448275862069
inteira,contrast,alto,13.057390444929267,17.714273546967483,223,16,0.48878923766816146,0.273542600896861
inteira,occupancy,baixo,0.014983835290114003,0.018456836327345308,124,16,0.5725806451612904,0.22580645161290322
inteira,occupancy,medio,0.014983835290114003,0.018456836327345308,210,16,0.4095238095238095,0.23809523809523808
inteira,occupancy,alto,0.014983835290114003,0.018456836327345308,146,16,0.4589041095890411,0.3082191780821918
iris_referencia,sharpness,baixo,13.285412077802462,32.078005082173924,101,15,0.0297029702970297,0.0297029702970297
iris_referencia,sharpness,medio,13.285412077802462,32.078005082173924,165,16,0.1393939393939394,0.05454545454545454
iris_referencia,sharpness,alto,13.285412077802462,32.078005082173924,214,16,0.1822429906542056,0.102803738317757
iris_referencia,contrast,baixo,13.057390444929267,17.714273546967483,112,14,0.05357142857142857,0.044642857142857144
iris_referencia,contrast,medio,13.057390444929267,17.714273546967483,145,16,0.13793103448275862,0.08275862068965517
iris_referencia,contrast,alto,13.057390444929267,17.714273546967483,223,16,0.17488789237668162,0.07623318385650224
iris_referencia,occupancy,baixo,0.014983835290114003,0.018456836327345308,124,16,0.0967741935483871,0.016129032258064516
iris_referencia,occupancy,medio,0.014983835290114003,0.018456836327345308,210,16,0.12380952380952381,0.08571428571428572
iris_referencia,occupancy,alto,0.014983835290114003,0.018456836327345308,146,16,0.18493150684931506,0.0958904109589041
iris_unet,sharpness,baixo,13.285412077802462,32.078005082173924,101,15,0.04950495049504951,0.0297029702970297
iris_unet,sharpness,medio,13.285412077802462,32.078005082173924,165,16,0.18181818181818182,0.10303030303030303
iris_unet,sharpness,alto,13.285412077802462,32.078005082173924,214,16,0.2897196261682243,0.1261682242990654
iris_unet,contrast,baixo,13.057390444929267,17.714273546967483,112,14,0.10714285714285714,0.0625
iris_unet,contrast,medio,13.057390444929267,17.714273546967483,145,16,0.16551724137931034,0.0896551724137931
iris_unet,contrast,alto,13.057390444929267,17.714273546967483,223,16,0.273542600896861,0.1210762331838565
iris_unet,occupancy,baixo,0.014983835290114003,0.018456836327345308,124,16,0.18548387096774194,0.04838709677419355
iris_unet,occupancy,medio,0.014983835290114003,0.018456836327345308,210,16,0.22380952380952382,0.1380952380952381
iris_unet,occupancy,alto,0.014983835290114003,0.018456836327345308,146,16,0.18493150684931506,0.0821917808219178
