branch,condition,level,rank1,tar,fnmr,far,eer_descriptive,extraction_failures,queries,genuine_mean_valid,margin_mean_valid,loss_rank1_pp,ci_low_pp,ci_high_pp,loss_tar_pp,tar_ci_low_pp,tar_ci_high_pp,coverage_mean
inteira,original,0,0.46502057613168724,0.2551440329218107,0.7448559670781894,0.00869507500331873,0.15637860082304528,0,486,0.8741834639521783,-0.0066962129294626995,0.0,0.0,0.0,0.0,0.0,0.0,0.0
iris_referencia,original,0,0.1337448559670782,0.06995884773662552,0.9300411522633745,0.014668790654453737,0.4156378600823045,6,486,0.8721276119972269,-0.03136461190879345,0.0,0.0,0.0,0.0,0.0,0.0,0.0
iris_unet,original,0,0.20164609053497942,0.09670781893004116,0.9032921810699588,0.011350059737156512,0.3822182397451215,3,486,0.8945612828430428,-0.027759000628137687,0.0,0.0,0.0,0.0,0.0,0.0,0.0
inteira,oclusao_superior,20,0.43621399176954734,0.1522633744855967,0.8477366255144033,0.0035842293906810036,0.16872427983539096,0,486,0.8551899085564868,-0.009772902653541094,2.8806584362139898,-0.411522633744856,6.041666666666667,10.2880658436214,6.097560975609756,15.0,0.19754601632880267
iris_referencia,oclusao_superior,20,0.12139917695473251,0.012345679012345678,0.9876543209876543,0.0017921146953405018,0.42386831275720166,6,486,0.8567679517902433,-0.029650176720072825,1.2345679012345678,-3.6144578313253013,5.625,5.761316872427984,2.05761316872428,10.08230452674897,0.19754601632880267
iris_unet,oclusao_superior,20,0.12551440329218108,0.00823045267489712,0.9917695473251029,0.0014602416036107793,0.45493163414310367,3,486,0.8229293324068713,-0.03562380117412433,7.613168724279834,3.75,11.316872427983538,8.847736625514404,4.471544715447155,13.786886479975898,0.19754601632880267
inteira,oclusao_superior,40,0.43621399176954734,0.09053497942386832,0.9094650205761317,0.0014602416036107793,0.17078189300411523,0,486,0.8441010226683362,-0.01045836612520885,2.8806584362139898,-0.625,6.378600823045267,16.46090534979424,9.465020576131687,23.75,0.3950818893258344
iris_referencia,oclusao_superior,40,0.102880658436214,0.0,1.0,6.637461834594451e-05,0.44238683127572015,6,486,0.8116528469758729,-0.0343106444614629,3.0864197530864197,-3.4979423868312756,9.375,6.995884773662551,2.8104082998661313,11.934156378600823,0.3950818893258344
iris_unet,oclusao_superior,40,0.0720164609053498,0.00205761316872428,0.9979423868312757,0.0007964954201513341,0.4876543209876543,5,486,0.7443500696497499,-0.0459125250144213,12.962962962962962,8.541666666666666,17.48971193415638,9.465020576131687,4.878048780487805,14.609053497942387,0.3950818893258344
inteira,oclusao_superior,60,0.38271604938271603,0.026748971193415638,0.9732510288065843,0.00013274923669188903,0.17921146953405018,0,486,0.8177229850380509,-0.012675989557195592,8.230452674897121,3.0864197530864197,12.962962962962964,22.839506172839506,14.227642276422765,31.666666666666668,0.5925724316618198
iris_referencia,oclusao_superior,60,0.08436213991769548,0.0,1.0,0.0,0.4754413912120005,6,486,0.7110922787338495,-0.04332291490087906,4.938271604938271,-2.2357723577235773,11.316872427983538,6.995884773662551,2.8104082998661313,11.934156378600823,0.5925724316618198
iris_unet,oclusao_superior,60,0.047325102880658436,0.00205761316872428,0.9979423868312757,0.0007964954201513341,0.49176954732510286,6,486,0.6611226432025432,-0.06091630173226197,15.432098765432098,10.625,20.32520325203252,9.465020576131687,4.878048780487805,14.609053497942387,0.5925724316618198
inteira,oclusao_inferior,20,0.4506172839506173,0.1337448559670782,0.8662551440329218,0.0024558608787999467,0.1728395061728395,0,486,0.8546115494804618,-0.008977831268506776,1.4403292181069949,-1.25,4.166666666666667,12.139917695473251,6.875,17.88617886178862,0.19754601632880267
iris_referencia,oclusao_inferior,20,0.0823045267489712,0.01646090534979424,0.9835390946502057,0.0025222354971458916,0.42592592592592593,6,486,0.843298920057714,-0.03623042982071638,5.1440329218107,1.0040160642570282,9.375,5.349794238683128,2.208835341365462,9.055819030412493,0.19754601632880267
iris_unet,oclusao_inferior,20,0.13168724279835392,0.018518518518518517,0.9814814814814815,0.0017257400769945573,0.46502057613168724,3,486,0.8210181853662614,-0.041598181114927336,6.99588477366255,3.909465020576132,10.16260162601626,7.818930041152264,4.471544715447155,11.458333333333334,0.19754601632880267
inteira,oclusao_inferior,40,0.4218106995884774,0.03292181069958848,0.9670781893004116,0.00039824771007566706,0.17901234567901234,0,486,0.8248451106832841,-0.010795275002350042,4.320987654320985,-0.823045267489712,9.465020576131687,22.22222222222222,14.372050702811245,30.416666666666668,0.3950818893258344
iris_referencia,oclusao_inferior,40,0.07613168724279835,0.0,1.0,0.0,0.4549980087614496,6,486,0.7865763875966271,-0.046361777124305566,5.761316872427984,0.0,10.905349794238683,6.995884773662551,2.8104082998661313,11.934156378600823,0.3950818893258344
iris_unet,oclusao_inferior,40,0.07407407407407407,0.00205761316872428,0.9979423868312757,0.00046462232842161156,0.48805256869772995,7,486,0.723292567349177,-0.04688160000116193,12.757201646090536,8.541539634146341,16.666666666666668,9.465020576131687,4.878048780487805,14.609053497942387,0.3950818893258344
inteira,oclusao_inferior,60,0.41975308641975306,0.02263374485596708,0.977366255144033,0.00033187309172972256,0.18538430904022302,0,486,0.8157397349184923,-0.010932464903764764,4.526748971193417,-0.625,10.0,23.25102880658436,15.204141260162604,31.666666666666668,0.5925724316618198
iris_referencia,oclusao_inferior,60,0.05761316872427984,0.0,1.0,0.0,0.4547325102880658,6,486,0.7617434856792291,-0.04550963770598173,7.613168724279835,2.6422764227642275,12.293016975308621,6.995884773662551,2.8104082998661313,11.934156378600823,0.5925724316618198
iris_unet,oclusao_inferior,60,0.03292181069958848,0.0,1.0,0.00039824771007566706,0.49585158635337845,10,486,0.6716649249321273,-0.06134636524845572,16.872427983539097,11.875,21.54471544715447,9.670781893004115,4.878048780487805,15.208333333333334,0.5925724316618198
inteira,desfoque_iris,1,0.4547325102880658,0.25102880658436216,0.7489711934156378,0.008761449621664676,0.15681003584229392,0,486,0.8734965799031434,-0.006853135034380627,1.0288065843621408,0.0,2.2357723577235773,0.4115226337448541,-0.8333333333333334,1.6666666666666667,0.9876543209876543
iris_referencia,desfoque_iris,1,0.12551440329218108,0.012345679012345678,0.9876543209876543,0.0013274923669188902,0.3991769547325103,6,486,0.862837387000521,-0.02884194062401851,0.823045267489711,-5.487804878048781,6.041666666666667,5.761316872427984,1.829268292682927,10.20914909638553,0.9876543209876543
iris_unet,desfoque_iris,1,0.1522633744855967,0.012345679012345678,0.9876543209876543,0.0014602416036107793,0.4094650205761317,3,486,0.8745591548535642,-0.02741170873553116,4.938271604938271,0.823045267489712,8.958333333333334,8.436213991769549,4.11522633744856,13.125,0.9876543209876543
inteira,desfoque_iris,3,0.4506172839506173,0.18930041152263374,0.8106995884773662,0.005509093322713395,0.15661091198725607,0,486,0.8662159377900661,-0.007993471475295078,1.4403292181069949,-1.0416666666666667,3.909465020576132,6.584362139917696,4.471544715447155,8.94308943089431,0.9876543209876543
iris_referencia,desfoque_iris,3,0.10493827160493827,0.0,1.0,0.0,0.44271870436744987,6,486,0.7706348840768139,-0.03459440357983112,2.8806584362139924,-5.1440329218107,10.208333333333334,6.995884773662551,2.8104082998661313,11.934156378600823,0.9876543209876543
iris_unet,desfoque_iris,3,0.08436213991769548,0.0,1.0,0.00046462232842161156,0.4564250630558874,3,486,0.7888859831891939,-0.040516729742350294,11.728395061728394,3.5416666666666665,19.047619047619047,9.670781893004115,4.878048780487805,15.208333333333334,0.9876543209876543
inteira,desfoque_iris,5,0.44238683127572015,0.15637860082304528,0.8436213991769548,0.003119607062259392,0.16049382716049382,0,486,0.8599440708081909,-0.00895517610718684,2.2633744855967084,-0.6024096385542169,4.791666666666667,9.876543209876543,6.300813008130081,13.541666666666666,0.9876543209876543
iris_referencia,desfoque_iris,5,0.0720164609053498,0.0,1.0,0.0,0.4632284614363468,6,486,0.7226875611270468,-0.04021695666015148,6.172839506172839,-0.20833333333333334,12.083333333333334,6.995884773662551,2.8104082998661313,11.934156378600823,0.9876543209876543
iris_unet,desfoque_iris,5,0.06584362139917696,0.0,1.0,0.00046462232842161156,0.4691358024691358,3,486,0.7398754872890733,-0.05417339630255295,13.580246913580247,6.458333333333333,19.791666666666668,9.670781893004115,4.878048780487805,15.208333333333334,0.9876543209876543
inteira,contraste_iris,25,0.4732510288065844,0.24074074074074073,0.7592592592592593,0.007898579583167397,0.1580047789725209,0,486,0.8720397560439482,-0.007758746299233456,-0.8230452674897137,-3.125,1.6666666666666667,1.4403292181069975,-0.8333333333333334,4.11522633744856,0.9876543209876543
iris_referencia,contraste_iris,25,0.09670781893004116,0.012345679012345678,0.9876543209876543,0.002721359352183725,0.4528740209743794,6,486,0.8304611073806882,-0.04763225968927145,3.7037037037037033,-0.1984126984126984,7.708333333333333,5.761316872427984,2.056985847636254,10.208333333333334,0.9876543209876543
iris_unet,contraste_iris,25,0.10699588477366255,0.0102880658436214,0.9897119341563786,0.001991238550378335,0.4547325102880658,3,486,0.8350197141585143,-0.050693185988420285,9.465020576131687,5.0,13.617886178861788,8.641975308641976,4.375,13.37448559670782,0.9876543209876543
inteira,contraste_iris,50,0.4506172839506173,0.13168724279835392,0.868312757201646,0.0033187309172972254,0.17250763308110978,0,486,0.8503204616008962,-0.01065703588748665,1.4403292181069949,-2.845528455284553,6.378600823045267,12.345679012345679,5.833082329317269,19.548225308641964,0.9876543209876543
iris_referencia,contraste_iris,50,0.07818930041152264,0.0,1.0,6.637461834594451e-05,0.4588477366255144,6,486,0.7935922961682081,-0.05543480180203915,5.555555555555555,0.625,10.493827160493828,6.995884773662551,2.8104082998661313,11.934156378600823,0.9876543209876543
iris_unet,contraste_iris,50,0.06172839506172839,0.0,1.0,0.00033187309172972256,0.4773662551440329,4,486,0.7388006347343635,-0.05952206594073426,13.991769547325102,8.958333333333334,19.076305220883533,9.670781893004115,4.878048780487805,15.208333333333334,0.9876543209876543
inteira,contraste_iris,75,0.4012345679012346,0.02263374485596708,0.977366255144033,0.00026549847338377806,0.18701048718969865,0,486,0.8157125065110838,-0.013193437469348986,6.378600823045266,0.583946078431374,12.291666666666666,23.25102880658436,15.020576131687243,31.68724279835391,0.9876543209876543
iris_referencia,contraste_iris,75,0.06172839506172839,0.0,1.0,0.0,0.46744324970131423,6,486,0.7465252632896106,-0.05448572182406982,7.20164609053498,2.2916666666666665,12.083333333333334,6.995884773662551,2.8104082998661313,11.934156378600823,0.9876543209876543
iris_unet,contraste_iris,75,0.037037037037037035,0.00205761316872428,0.9979423868312757,0.00019912385503783353,0.49794238683127573,15,486,0.561827926593981,-0.06472300423305252,16.46090534979424,11.246527777777779,21.604938271604937,9.465020576131687,4.583333333333333,15.0,0.9876543209876543
