epoch,train_loss,val_loss,val_mean_foreground_dice,val_dice_background_or_pupil,val_dice_iris,val_dice_sclera,val_dice_eyebrow
1,1.7779588763378869,1.0996352342458873,0.7805368553595824,0.9832331004053957,0.8262515447992805,0.6608495631893413,0.8545094580901254
2,0.663157125642477,0.4339310423685954,0.7717726808108974,0.9846689238665386,0.8883984863235287,0.5551709302863386,0.8717486258228254
3,0.3454661753552019,0.3199876225911654,0.7811246740408223,0.9856054679116448,0.8989341623515835,0.5637720180518974,0.880667841718986
4,0.286007778949974,0.28930346553142255,0.7855426970414997,0.9867719172032711,0.9018970245070189,0.5594342976951345,0.8952967689223458
5,0.26858960350682914,0.27542145206378055,0.7895843401773884,0.9870358432326105,0.9069278649315197,0.5673126287720511,0.8945125268285942
6,0.2578577473143901,0.2663352546783594,0.7932424920238242,0.9872015928010102,0.9093016400026609,0.5710736419958997,0.8993521940729121
7,0.24923822677825108,0.26555796884573424,0.8773175191346843,0.9880672626714976,0.9063229837373746,0.8288324243602639,0.8967971493064144
8,0.24311414459520134,0.2592433587862895,0.878622246527177,0.9880700111963637,0.9029269331698933,0.835058564243004,0.8978812421686341
9,0.23575729722819053,0.24708143908243912,0.8843165844328077,0.9887408705788793,0.9086096756892097,0.8437946434906873,0.9005454341185261
10,0.22847203971925845,0.24711817961472732,0.8808673482586634,0.9884793621447735,0.9090424976381083,0.8371095605022794,0.8964499866356025
11,0.22097924302432162,0.23396421281191018,0.8852091641852685,0.9891052128434441,0.9118794258735463,0.84428299243745,0.8994650742448091
12,0.2139224294295981,0.23254239559173584,0.8839220696501188,0.9882423091298486,0.9129071587829671,0.8422207007315408,0.8966383494358486
13,0.20709276223970838,0.2262354424366584,0.8830747867752692,0.9889661045376004,0.9079354795859963,0.8407528518668421,0.900536028872969
14,0.20119443141724452,0.2197298751427577,0.8850528645602793,0.9889026896092664,0.9111729125706177,0.8447455156519988,0.8992401654582216
15,0.19607243902427107,0.21539475711492392,0.8849223101656708,0.9889413376662679,0.9123579827580179,0.8438699024446743,0.8985390452943198
16,0.19087704080195467,0.209205204477677,0.8859080104498673,0.9890805085882757,0.9114217692659735,0.8435793188560889,0.9027229432275392
17,0.1861119977206238,0.20966960718998542,0.8829919626112125,0.9890532046834108,0.9058300121989774,0.8406926476988587,0.9024532279358014
18,0.18219854713471467,0.2182007099573429,0.8786058404176377,0.9881802026770405,0.9087299955462618,0.843335858894153,0.8837516668124983
19,0.17972922522174425,0.20563520720371833,0.884043343185489,0.9889342887169382,0.9117791847801598,0.8442113011076666,0.8961395436686405
20,0.17649060783307413,0.19775553162281329,0.8875333129072889,0.9890626023723935,0.9142860015767694,0.8465126151133218,0.9018013220317751
21,0.17386391857438835,0.19796360685275152,0.8856316198372637,0.9891944348946587,0.9121492184826954,0.8423134787069032,0.9024321623221924
22,0.17197585401456217,0.19525310970269716,0.8863272769454521,0.9891172862918697,0.9115082649228574,0.8433126902332335,0.9041608756802656
23,0.1704099537912479,0.19298862150082222,0.8872033649850025,0.9894200606322469,0.9118121891997178,0.8451092342948052,0.9046886714604843
24,0.167920182805416,0.1907786211142173,0.8886921260548011,0.9895226338366723,0.9121197823046765,0.8481708838375532,0.9057857120221736
25,0.16723044031907705,0.18882604745718148,0.8892671992251217,0.9894358729521654,0.9138857288464394,0.8481461482506002,0.9057697205783255
26,0.16550625971526153,0.19301315454336312,0.8855874770211031,0.9893797291111879,0.9128589554252934,0.8402394829410789,0.9036639926969369
27,0.16389148048132904,0.1933391449543146,0.8860181012155709,0.9887888957125709,0.9114948456179708,0.8440342633644513,0.9025251946642906
28,0.1629902720451355,0.19248044720062843,0.8847105952737597,0.9894755287885463,0.9106779574537861,0.8375052523575328,0.9059485760099601
29,0.16299636698951406,0.18711316585540771,0.8887660147357344,0.9894156518821627,0.9136770556188931,0.8473319126112365,0.9052890759770734
30,0.1616713330765401,0.19531404284330514,0.8832692580809908,0.9890426291656194,0.9111828498265719,0.8351795315629087,0.9034453928534919
